"MAIN STORE LINK","DESIGNER NAME","PRICE RANGE","CATEGORY","WEBSITE","INSTAGRAM URL","IMAGE 1","IMAGE 2","IMAGE 3","IMAGE 4","IMAGE 5","IMAGE 6","IMAGE 7","IMAGE 8","IMAGE 9","IMAGE 10","IMAGE 11","IMAGE 12","IMAGE 13"
"https://www.ensembleindia.com/designers/agunj.html","Agunj","39760-210000","Women","https://www.facebook.com/agunjofficial/",,"https://www.ensembleindia.com/pub/media/resized/product/644_964_new_placeholder.jpg","https://www.ensembleindia.com/pub/media/resized/product/644_964_new_placeholder.jpg","https://www.ensembleindia.com/pub/media/resized/product/644_964_new_placeholder.jpg","https://www.ensembleindia.com/pub/media/resized/product/644_964_new_placeholder.jpg","https://www.ensembleindia.com/pub/media/resized/product/644_964_new_placeholder.jpg","https://www.ensembleindia.com/pub/media/resized/product/644_964_new_placeholder.jpg","https://www.ensembleindia.com/pub/media/resized/product/644_964_new_placeholder.jpg","https://www.ensembleindia.com/pub/media/resized/product/644_964_new_placeholder.jpg","https://www.ensembleindia.com/pub/media/resized/product/644_964_new_placeholder.jpg","https://www.ensembleindia.com/pub/media/resized/product/644_964_new_placeholder.jpg","https://www.ensembleindia.com/pub/media/resized/product/644_964_new_placeholder.jpg","https://www.ensembleindia.com/pub/media/resized/product/644_964_new_placeholder.jpg",
"https://www.ensembleindia.com/designers/ahilian.html","Ahilian","28500-245000","Women",,"https://www.instagram.com/ahilianindia/","https://www.ensembleindia.com/pub/media/Fermion/Designer/image/Ahilian_14Aug2023.jpg","https://www.ensembleindia.com/pub/media/resized/product/644_964_new_placeholder.jpg","https://www.ensembleindia.com/pub/media/resized/product/644_964_new_placeholder.jpg","https://www.ensembleindia.com/pub/media/resized/product/644_964_new_placeholder.jpg","https://www.ensembleindia.com/pub/media/resized/product/644_964_new_placeholder.jpg","https://www.ensembleindia.com/pub/media/resized/product/644_964_new_placeholder.jpg","https://www.ensembleindia.com/pub/media/resized/product/644_964_new_placeholder.jpg","https://www.ensembleindia.com/pub/media/resized/product/644_964_new_placeholder.jpg","https://www.ensembleindia.com/pub/media/resized/product/644_964_new_placeholder.jpg","https://www.ensembleindia.com/pub/media/resized/product/644_964_new_placeholder.jpg","https://www.ensembleindia.com/pub/media/resized/product/644_964_new_placeholder.jpg","https://www.ensembleindia.com/pub/media/resized/product/644_964_new_placeholder.jpg","https://www.ensembleindia.com/pub/media/resized/product/644_964_new_placeholder.jpg"
"https://www.ensembleindia.com/designers/alamelu.html","Alamelu","8680-40320","Women",,"https://www.instagram.com/labelalamelu/","https://www.ensembleindia.com/pub/media/Fermion/Designer/image/Alamelu.jpg","https://www.ensembleindia.com/pub/media/resized/product/644_964_new_placeholder.jpg","https://www.ensembleindia.com/pub/media/resized/product/644_964_new_placeholder.jpg","https://www.ensembleindia.com/pub/media/resized/product/644_964_new_placeholder.jpg","https://www.ensembleindia.com/pub/media/resized/product/644_964_new_placeholder.jpg","https://www.ensembleindia.com/pub/media/resized/product/644_964_new_placeholder.jpg","https://www.ensembleindia.com/pub/media/resized/product/644_964_new_placeholder.jpg","https://www.ensembleindia.com/pub/media/resized/product/644_964_new_placeholder.jpg","https://www.ensembleindia.com/pub/media/resized/product/644_964_new_placeholder.jpg","https://www.ensembleindia.com/pub/media/resized/product/644_964_new_placeholder.jpg","https://www.ensembleindia.com/pub/media/resized/product/644_964_new_placeholder.jpg","https://www.ensembleindia.com/pub/media/resized/product/644_964_new_placeholder.jpg","https://www.ensembleindia.com/pub/media/resized/product/644_964_new_placeholder.jpg"
"https://www.ensembleindia.com/designers/amaara.html","Amaara",,,,,"https://www.ensembleindia.com/pub/media/Fermion/Designer/image/Amaara.jpg","https://www.ensembleindia.com/pub/media/resized/product/644_964_new_placeholder.jpg","https://www.ensembleindia.com/pub/media/resized/product/644_964_new_placeholder.jpg","https://www.ensembleindia.com/pub/media/resized/product/644_964_new_placeholder.jpg","https://www.ensembleindia.com/pub/media/resized/product/644_964_new_placeholder.jpg","https://www.ensembleindia.com/pub/media/resized/product/644_964_new_placeholder.jpg","https://www.ensembleindia.com/pub/media/resized/product/644_964_new_placeholder.jpg","https://www.ensembleindia.com/pub/media/resized/product/644_964_new_placeholder.jpg","https://www.ensembleindia.com/pub/media/resized/product/644_964_new_placeholder.jpg","https://www.ensembleindia.com/pub/media/resized/product/644_964_new_placeholder.jpg","https://www.ensembleindia.com/pub/media/resized/product/644_964_new_placeholder.jpg","https://www.ensembleindia.com/pub/media/resized/product/644_964_new_placeholder.jpg","https://www.ensembleindia.com/pub/media/resized/product/644_964_new_placeholder.jpg"
"https://www.ensembleindia.com/designers/antar-agni-men.html","Antar-Agni Men",,,,,"https://www.ensembleindia.com/pub/media/resized/product/644_964_new_placeholder.jpg","https://www.ensembleindia.com/pub/media/resized/product/644_964_new_placeholder.jpg","https://www.ensembleindia.com/pub/media/resized/product/644_964_new_placeholder.jpg","https://www.ensembleindia.com/pub/media/resized/product/644_964_new_placeholder.jpg","https://www.ensembleindia.com/pub/media/resized/product/644_964_new_placeholder.jpg","https://www.ensembleindia.com/pub/media/resized/product/644_964_new_placeholder.jpg","https://www.ensembleindia.com/pub/media/resized/product/644_964_new_placeholder.jpg","https://www.ensembleindia.com/pub/media/resized/product/644_964_new_placeholder.jpg","https://www.ensembleindia.com/pub/media/resized/product/644_964_new_placeholder.jpg","https://www.ensembleindia.com/pub/media/resized/product/644_964_new_placeholder.jpg","https://www.ensembleindia.com/pub/media/resized/product/644_964_new_placeholder.jpg","https://www.ensembleindia.com/pub/media/resized/product/644_964_new_placeholder.jpg",
"https://www.ensembleindia.com/designers/art-apparel.html","Art Apparel","6700-10400","Women",,,"https://www.ensembleindia.com/pub/media/resized/product/644_964_new_placeholder.jpg","https://www.ensembleindia.com/pub/media/resized/product/644_964_new_placeholder.jpg","https://www.ensembleindia.com/pub/media/resized/product/644_964_new_placeholder.jpg","https://www.ensembleindia.com/pub/media/resized/product/644_964_new_placeholder.jpg","https://www.ensembleindia.com/pub/media/resized/product/644_964_new_placeholder.jpg","https://www.ensembleindia.com/pub/media/resized/product/644_964_new_placeholder.jpg","https://www.ensembleindia.com/pub/media/resized/product/644_964_new_placeholder.jpg","https://www.ensembleindia.com/pub/media/resized/product/644_964_new_placeholder.jpg","https://www.ensembleindia.com/pub/media/resized/product/644_964_new_placeholder.jpg",,,,
"https://www.ensembleindia.com/designers/sangeeta-boochra-x-nitibha-kaul.html","Sangeeta Boochra X Nitibha Kaul","3100-32900","Women","https://sangeetaboochra.com/","https://www.instagram.com/sangeetaboochra/","https://www.ensembleindia.com/pub/media/resized/product/644_964_new_placeholder.jpg","https://www.ensembleindia.com/pub/media/resized/product/644_964_new_placeholder.jpg","https://www.ensembleindia.com/pub/media/resized/product/644_964_new_placeholder.jpg","https://www.ensembleindia.com/pub/media/resized/product/644_964_new_placeholder.jpg","https://www.ensembleindia.com/pub/media/resized/product/644_964_new_placeholder.jpg","https://www.ensembleindia.com/pub/media/resized/product/644_964_new_placeholder.jpg","https://www.ensembleindia.com/pub/media/resized/product/644_964_new_placeholder.jpg","https://www.ensembleindia.com/pub/media/resized/product/644_964_new_placeholder.jpg","https://www.ensembleindia.com/pub/media/resized/product/644_964_new_placeholder.jpg","https://www.ensembleindia.com/pub/media/resized/product/644_964_new_placeholder.jpg","https://www.ensembleindia.com/pub/media/resized/product/644_964_new_placeholder.jpg","https://www.ensembleindia.com/pub/media/resized/product/644_964_new_placeholder.jpg",
"https://www.ensembleindia.com/designers/saviojon.html","SavioJon","16800-20200","Women","https://www.saviojon.com/","https://www.instagram.com/saviojon/","https://www.ensembleindia.com/pub/media/Fermion/Designer/image/Saviojon.jpg","https://www.ensembleindia.com/pub/media/resized/product/644_964_new_placeholder.jpg","https://www.ensembleindia.com/pub/media/resized/product/644_964_new_placeholder.jpg","https://www.ensembleindia.com/pub/media/resized/product/644_964_new_placeholder.jpg","https://www.ensembleindia.com/pub/media/resized/product/644_964_new_placeholder.jpg","https://www.ensembleindia.com/pub/media/resized/product/644_964_new_placeholder.jpg","https://www.ensembleindia.com/pub/media/resized/product/644_964_new_placeholder.jpg","https://www.ensembleindia.com/pub/media/resized/product/644_964_new_placeholder.jpg","https://www.ensembleindia.com/pub/media/resized/product/644_964_new_placeholder.jpg","https://www.ensembleindia.com/pub/media/resized/product/644_964_new_placeholder.jpg",,,
"https://www.ensembleindia.com/designers/shimona-agrawal.html","Shimona Agrawal","14500-25999","Women","https://shimonaagrawal.com/","https://www.instagram.com/label_s.a/","https://www.ensembleindia.com/pub/media/resized/product/644_964_new_placeholder.jpg","https://www.ensembleindia.com/pub/media/resized/product/644_964_new_placeholder.jpg","https://www.ensembleindia.com/pub/media/resized/product/644_964_29823sa17-1.jpg","https://www.ensembleindia.com/pub/media/resized/product/644_964_new_placeholder.jpg","https://www.ensembleindia.com/pub/media/resized/product/644_964_new_placeholder.jpg","https://www.ensembleindia.com/pub/media/resized/product/644_964_new_placeholder.jpg","https://www.ensembleindia.com/pub/media/resized/product/644_964_new_placeholder.jpg",,,,,,
"https://www.ensembleindia.com/designers/stoffa.html","Stoffa","3400-4400","Women","https://stoffa.co/","http://instagram.com/stoffa","https://www.ensembleindia.com/pub/media/resized/product/644_964_410sto5-1.jpg","https://www.ensembleindia.com/pub/media/resized/product/644_964_410sto4-1.jpg","https://www.ensembleindia.com/pub/media/resized/product/644_964_410sto2-1.jpg","https://www.ensembleindia.com/pub/media/resized/product/644_964_410sto1-1.jpg","https://www.ensembleindia.com/pub/media/resized/product/644_964_209pz1-0082713-1.jpg","https://www.ensembleindia.com/pub/media/resized/product/644_964_209pz1-0082710-1.jpg","https://www.ensembleindia.com/pub/media/resized/product/644_964_new_placeholder.jpg","https://www.ensembleindia.com/pub/media/resized/product/644_964_new_placeholder.jpg","https://www.ensembleindia.com/pub/media/resized/product/644_964_new_placeholder.jpg","https://www.ensembleindia.com/pub/media/resized/product/644_964_new_placeholder.jpg","https://www.ensembleindia.com/pub/media/resized/product/644_964_new_placeholder.jpg","https://www.ensembleindia.com/pub/media/resized/product/644_964_new_placeholder.jpg",
"https://www.ensembleindia.com/designers/surmaye.html","Surmaye","7500-49000","Women",,,"https://www.ensembleindia.com/pub/media/resized/product/644_964_16623se42-1.jpg","https://www.ensembleindia.com/pub/media/resized/product/644_964_16623se40-1.jpg","https://www.ensembleindia.com/pub/media/resized/product/644_964_16623se37-1.jpg","https://www.ensembleindia.com/pub/media/resized/product/644_964_16623se36-1.jpg","https://www.ensembleindia.com/pub/media/resized/product/644_964_16623se35-1.jpg","https://www.ensembleindia.com/pub/media/resized/product/644_964_16623se34-1.jpg","https://www.ensembleindia.com/pub/media/resized/product/644_964_new_placeholder.jpg","https://www.ensembleindia.com/pub/media/resized/product/644_964_new_placeholder.jpg","https://www.ensembleindia.com/pub/media/resized/product/644_964_new_placeholder.jpg","https://www.ensembleindia.com/pub/media/resized/product/644_964_new_placeholder.jpg","https://www.ensembleindia.com/pub/media/resized/product/644_964_new_placeholder.jpg","https://www.ensembleindia.com/pub/media/resized/product/644_964_new_placeholder.jpg",
"https://www.ensembleindia.com/designers/sva-men.html","SVA Men",,,,,"https://www.ensembleindia.com/pub/media/resized/product/644_964_new_placeholder.jpg","https://www.ensembleindia.com/pub/media/resized/product/644_964_new_placeholder.jpg","https://www.ensembleindia.com/pub/media/resized/product/644_964_new_placeholder.jpg","https://www.ensembleindia.com/pub/media/resized/product/644_964_new_placeholder.jpg","https://www.ensembleindia.com/pub/media/resized/product/644_964_new_placeholder.jpg","https://www.ensembleindia.com/pub/media/resized/product/644_964_new_placeholder.jpg","https://www.ensembleindia.com/pub/media/resized/product/644_964_new_placeholder.jpg","https://www.ensembleindia.com/pub/media/resized/product/644_964_new_placeholder.jpg","https://www.ensembleindia.com/pub/media/resized/product/644_964_new_placeholder.jpg","https://www.ensembleindia.com/pub/media/resized/product/644_964_new_placeholder.jpg","https://www.ensembleindia.com/pub/media/resized/product/644_964_new_placeholder.jpg","https://www.ensembleindia.com/pub/media/resized/product/644_964_new_placeholder.jpg",
"https://www.ensembleindia.com/designers/swati-kalsi.html","Swati Kalsi","8350-28900","Women","http://swatikalsi.com/","https://www.instagram.com/swatikalsiworks/","https://www.ensembleindia.com/pub/media/resized/product/644_964_new_placeholder.jpg","https://www.ensembleindia.com/pub/media/resized/product/644_964_new_placeholder.jpg","https://www.ensembleindia.com/pub/media/resized/product/644_964_new_placeholder.jpg","https://www.ensembleindia.com/pub/media/resized/product/644_964_new_placeholder.jpg","https://www.ensembleindia.com/pub/media/resized/product/644_964_new_placeholder.jpg","https://www.ensembleindia.com/pub/media/resized/product/644_964_new_placeholder.jpg","https://www.ensembleindia.com/pub/media/resized/product/644_964_new_placeholder.jpg","https://www.ensembleindia.com/pub/media/resized/product/644_964_new_placeholder.jpg","https://www.ensembleindia.com/pub/media/resized/product/644_964_new_placeholder.jpg","https://www.ensembleindia.com/pub/media/resized/product/644_964_new_placeholder.jpg","https://www.ensembleindia.com/pub/media/resized/product/644_964_new_placeholder.jpg","https://www.ensembleindia.com/pub/media/resized/product/644_964_new_placeholder.jpg",
"https://www.ensembleindia.com/designers/the-yarn-story.html","The Yarn Story",,,,,"https://www.ensembleindia.com/pub/media/resized/product/644_964_new_placeholder.jpg","https://www.ensembleindia.com/pub/media/resized/product/644_964_new_placeholder.jpg","https://www.ensembleindia.com/pub/media/resized/product/644_964_new_placeholder.jpg","https://www.ensembleindia.com/pub/media/resized/product/644_964_new_placeholder.jpg","https://www.ensembleindia.com/pub/media/resized/product/644_964_new_placeholder.jpg","https://www.ensembleindia.com/pub/media/resized/product/644_964_new_placeholder.jpg","https://www.ensembleindia.com/pub/media/resized/product/644_964_new_placeholder.jpg","https://www.ensembleindia.com/pub/media/resized/product/644_964_new_placeholder.jpg","https://www.ensembleindia.com/pub/media/resized/product/644_964_new_placeholder.jpg","https://www.ensembleindia.com/pub/media/resized/product/644_964_new_placeholder.jpg","https://www.ensembleindia.com/pub/media/resized/product/644_964_new_placeholder.jpg",,
"https://www.ensembleindia.com/designers/three-kids.html","Three Kids","1200-7200","Kids",,,"https://www.ensembleindia.com/pub/media/resized/product/644_964_61023te24-1.jpg","https://www.ensembleindia.com/pub/media/resized/product/644_964_61023te23-1.jpg","https://www.ensembleindia.com/pub/media/resized/product/644_964_61023te22-1.jpg","https://www.ensembleindia.com/pub/media/resized/product/644_964_61023te21-1.jpg","https://www.ensembleindia.com/pub/media/resized/product/644_964_61023te20-1.jpg","https://www.ensembleindia.com/pub/media/resized/product/644_964_new_placeholder.jpg","https://www.ensembleindia.com/pub/media/resized/product/644_964_new_placeholder.jpg","https://www.ensembleindia.com/pub/media/resized/product/644_964_new_placeholder.jpg","https://www.ensembleindia.com/pub/media/resized/product/644_964_new_placeholder.jpg","https://www.ensembleindia.com/pub/media/resized/product/644_964_new_placeholder.jpg","https://www.ensembleindia.com/pub/media/resized/product/644_964_new_placeholder.jpg","https://www.ensembleindia.com/pub/media/resized/product/644_964_new_placeholder.jpg",
"https://www.ensembleindia.com/designers/bennch.html","Bennch","6300-19300","Women",,,"https://www.ensembleindia.com/pub/media/Fermion/Designer/image/Bennch.jpg","https://www.ensembleindia.com/pub/media/resized/product/644_964_8323be26-1.jpg","https://www.ensembleindia.com/pub/media/resized/product/644_964_8323be25-1.jpg","https://www.ensembleindia.com/pub/media/resized/product/644_964_8323be24-1.jpg","https://www.ensembleindia.com/pub/media/resized/product/644_964_8323be23-1.jpg","https://www.ensembleindia.com/pub/media/resized/product/644_964_8323be22-1.jpg","https://www.ensembleindia.com/pub/media/resized/product/644_964_8323be21-1.jpg","https://www.ensembleindia.com/pub/media/resized/product/644_964_new_placeholder.jpg","https://www.ensembleindia.com/pub/media/resized/product/644_964_new_placeholder.jpg","https://www.ensembleindia.com/pub/media/resized/product/644_964_new_placeholder.jpg","https://www.ensembleindia.com/pub/media/resized/product/644_964_new_placeholder.jpg","https://www.ensembleindia.com/pub/media/resized/product/644_964_new_placeholder.jpg","https://www.ensembleindia.com/pub/media/resized/product/644_964_new_placeholder.jpg"
"https://www.ensembleindia.com/designers/cvh.html","CVH","4800-8900","Women",,,"https://www.ensembleindia.com/pub/media/Fermion/Designer/image/CVH.jpg","https://www.ensembleindia.com/pub/media/resized/product/644_964_new_placeholder.jpg","https://www.ensembleindia.com/pub/media/resized/product/644_964_new_placeholder.jpg","https://www.ensembleindia.com/pub/media/resized/product/644_964_new_placeholder.jpg","https://www.ensembleindia.com/pub/media/resized/product/644_964_new_placeholder.jpg","https://www.ensembleindia.com/pub/media/resized/product/644_964_new_placeholder.jpg","https://www.ensembleindia.com/pub/media/resized/product/644_964_new_placeholder.jpg","https://www.ensembleindia.com/pub/media/resized/product/644_964_new_placeholder.jpg","https://www.ensembleindia.com/pub/media/resized/product/644_964_new_placeholder.jpg","https://www.ensembleindia.com/pub/media/resized/product/644_964_new_placeholder.jpg","https://www.ensembleindia.com/pub/media/resized/product/644_964_new_placeholder.jpg","https://www.ensembleindia.com/pub/media/resized/product/644_964_new_placeholder.jpg","https://www.ensembleindia.com/pub/media/resized/product/644_964_new_placeholder.jpg"
"https://www.ensembleindia.com/designers/deepa-gurnani.html","Deepa Gurnani","2750-27000","Women","https://www.deepagurnani.com/","https://www.instagram.com/deepagurnani/","https://www.ensembleindia.com/pub/media/Fermion/Designer/image/Deepa_Gurnani.jpg","https://www.ensembleindia.com/pub/media/resized/product/644_964_new_placeholder.jpg","https://www.ensembleindia.com/pub/media/resized/product/644_964_new_placeholder.jpg","https://www.ensembleindia.com/pub/media/resized/product/644_964_new_placeholder.jpg","https://www.ensembleindia.com/pub/media/resized/product/644_964_new_placeholder.jpg","https://www.ensembleindia.com/pub/media/resized/product/644_964_new_placeholder.jpg","https://www.ensembleindia.com/pub/media/resized/product/644_964_new_placeholder.jpg","https://www.ensembleindia.com/pub/media/resized/product/644_964_new_placeholder.jpg","https://www.ensembleindia.com/pub/media/resized/product/644_964_new_placeholder.jpg","https://www.ensembleindia.com/pub/media/resized/product/644_964_new_placeholder.jpg","https://www.ensembleindia.com/pub/media/resized/product/644_964_new_placeholder.jpg","https://www.ensembleindia.com/pub/media/resized/product/644_964_new_placeholder.jpg","https://www.ensembleindia.com/pub/media/resized/product/644_964_new_placeholder.jpg"
"https://www.ensembleindia.com/designers/dhruv-singh.html","Dhruv Singh","3600-50000","Women",,,"https://www.ensembleindia.com/pub/media/resized/product/644_964_287-dhr2-1.jpg","https://www.ensembleindia.com/pub/media/resized/product/644_964_287-dhr24-1.jpg",,,,,,,,,,,
"https://www.ensembleindia.com/designers/diosa-paris.html","Diosa Paris","14420-360500","Women","https://diosajewels.com/","https://instagram.com/diosaparis?igshid=OGQ2MjdiOTE=","https://www.ensembleindia.com/pub/media/Fermion/Designer/image/DoisaParis.jpg","https://www.ensembleindia.com/pub/media/resized/product/644_964_new_placeholder.jpg","https://www.ensembleindia.com/pub/media/resized/product/644_964_new_placeholder.jpg","https://www.ensembleindia.com/pub/media/resized/product/644_964_new_placeholder.jpg","https://www.ensembleindia.com/pub/media/resized/product/644_964_new_placeholder.jpg","https://www.ensembleindia.com/pub/media/resized/product/644_964_new_placeholder.jpg","https://www.ensembleindia.com/pub/media/resized/product/644_964_new_placeholder.jpg","https://www.ensembleindia.com/pub/media/resized/product/644_964_new_placeholder.jpg","https://www.ensembleindia.com/pub/media/resized/product/644_964_new_placeholder.jpg","https://www.ensembleindia.com/pub/media/resized/product/644_964_new_placeholder.jpg","https://www.ensembleindia.com/pub/media/resized/product/644_964_new_placeholder.jpg","https://www.ensembleindia.com/pub/media/resized/product/644_964_new_placeholder.jpg","https://www.ensembleindia.com/pub/media/resized/product/644_964_new_placeholder.jpg"
"https://www.ensembleindia.com/designers/divya-chugh.html","Divya Chugh","3400-9000","Women","https://divyachugh.com/","https://www.facebook.com/JewellerybyDivyaChugh/","https://www.ensembleindia.com/pub/media/resized/product/644_964_1332023dic56-1.jpg","https://www.ensembleindia.com/pub/media/resized/product/644_964_1332023dic55-1.jpg","https://www.ensembleindia.com/pub/media/resized/product/644_964_1332023dic54-1.jpg","https://www.ensembleindia.com/pub/media/resized/product/644_964_1332023dic53-1.jpg","https://www.ensembleindia.com/pub/media/resized/product/644_964_1332023dic52-1.jpg","https://www.ensembleindia.com/pub/media/resized/product/644_964_1332023dic51-1.jpg","https://www.ensembleindia.com/pub/media/resized/product/644_964_new_placeholder.jpg","https://www.ensembleindia.com/pub/media/resized/product/644_964_new_placeholder.jpg","https://www.ensembleindia.com/pub/media/resized/product/644_964_new_placeholder.jpg","https://www.ensembleindia.com/pub/media/resized/product/644_964_new_placeholder.jpg","https://www.ensembleindia.com/pub/media/resized/product/644_964_new_placeholder.jpg","https://www.ensembleindia.com/pub/media/resized/product/644_964_new_placeholder.jpg",
"https://www.ensembleindia.com/designers/dusala.html","Dusala India","6600-28800","Women","https://dusala.in/","https://www.instagram.com/dusalaindia/","https://www.ensembleindia.com/pub/media/resized/product/644_964_new_placeholder.jpg","https://www.ensembleindia.com/pub/media/resized/product/644_964_new_placeholder.jpg","https://www.ensembleindia.com/pub/media/resized/product/644_964_new_placeholder.jpg","https://www.ensembleindia.com/pub/media/resized/product/644_964_new_placeholder.jpg","https://www.ensembleindia.com/pub/media/resized/product/644_964_new_placeholder.jpg","https://www.ensembleindia.com/pub/media/resized/product/644_964_new_placeholder.jpg","https://www.ensembleindia.com/pub/media/resized/product/644_964_new_placeholder.jpg","https://www.ensembleindia.com/pub/media/resized/product/644_964_new_placeholder.jpg","https://www.ensembleindia.com/pub/media/resized/product/644_964_new_placeholder.jpg","https://www.ensembleindia.com/pub/media/resized/product/644_964_new_placeholder.jpg","https://www.ensembleindia.com/pub/media/resized/product/644_964_new_placeholder.jpg","https://www.ensembleindia.com/pub/media/resized/product/644_964_new_placeholder.jpg",
"https://www.ensembleindia.com/designers/energy-strings.html","Energy Studio","2800-15500","Women",,,"https://www.ensembleindia.com/pub/media/resized/product/644_964_new_placeholder.jpg","https://www.ensembleindia.com/pub/media/resized/product/644_964_new_placeholder.jpg","https://www.ensembleindia.com/pub/media/resized/product/644_964_new_placeholder.jpg","https://www.ensembleindia.com/pub/media/resized/product/644_964_new_placeholder.jpg","https://www.ensembleindia.com/pub/media/resized/product/644_964_new_placeholder.jpg","https://www.ensembleindia.com/pub/media/resized/product/644_964_new_placeholder.jpg","https://www.ensembleindia.com/pub/media/resized/product/644_964_new_placeholder.jpg","https://www.ensembleindia.com/pub/media/resized/product/644_964_new_placeholder.jpg","https://www.ensembleindia.com/pub/media/resized/product/644_964_new_placeholder.jpg","https://www.ensembleindia.com/pub/media/resized/product/644_964_new_placeholder.jpg","https://www.ensembleindia.com/pub/media/resized/product/644_964_new_placeholder.jpg","https://www.ensembleindia.com/pub/media/resized/product/644_964_new_placeholder.jpg",
"https://www.ensembleindia.com/designers/febo6.html","FEBo6 ","4900-36900","Women","https://www.febo6.in/","https://www.instagram.com/febo6/?hl=en","https://www.ensembleindia.com/pub/media/Fermion/Designer/image/FEBo6 _4July2023.jpg","https://www.ensembleindia.com/pub/media/resized/product/644_964_new_placeholder.jpg","https://www.ensembleindia.com/pub/media/resized/product/644_964_new_placeholder.jpg","https://www.ensembleindia.com/pub/media/resized/product/644_964_new_placeholder.jpg","https://www.ensembleindia.com/pub/media/resized/product/644_964_new_placeholder.jpg","https://www.ensembleindia.com/pub/media/resized/product/644_964_new_placeholder.jpg","https://www.ensembleindia.com/pub/media/resized/product/644_964_new_placeholder.jpg","https://www.ensembleindia.com/pub/media/resized/product/644_964_new_placeholder.jpg","https://www.ensembleindia.com/pub/media/resized/product/644_964_new_placeholder.jpg","https://www.ensembleindia.com/pub/media/resized/product/644_964_new_placeholder.jpg","https://www.ensembleindia.com/pub/media/resized/product/644_964_new_placeholder.jpg","https://www.ensembleindia.com/pub/media/resized/product/644_964_new_placeholder.jpg","https://www.ensembleindia.com/pub/media/resized/product/644_964_new_placeholder.jpg"
"https://www.ensembleindia.com/designers/fooljhadi.html","FooljhadiÂ ","2900-12500","Women","https://www.facebook.com/fooljhadi/","https://www.instagram.com/fooljhadi/","https://www.ensembleindia.com/pub/media/resized/product/644_964_new_placeholder.jpg","https://www.ensembleindia.com/pub/media/resized/product/644_964_new_placeholder.jpg","https://www.ensembleindia.com/pub/media/resized/product/644_964_new_placeholder.jpg","https://www.ensembleindia.com/pub/media/resized/product/644_964_new_placeholder.jpg","https://www.ensembleindia.com/pub/media/resized/product/644_964_new_placeholder.jpg","https://www.ensembleindia.com/pub/media/resized/product/644_964_new_placeholder.jpg","https://www.ensembleindia.com/pub/media/resized/product/644_964_new_placeholder.jpg","https://www.ensembleindia.com/pub/media/resized/product/644_964_new_placeholder.jpg","https://www.ensembleindia.com/pub/media/resized/product/644_964_new_placeholder.jpg","https://www.ensembleindia.com/pub/media/resized/product/644_964_new_placeholder.jpg","https://www.ensembleindia.com/pub/media/resized/product/644_964_new_placeholder.jpg","https://www.ensembleindia.com/pub/media/resized/product/644_964_new_placeholder.jpg",
"https://www.ensembleindia.com/designers/graine.html","GRAINE ","15500-31500","Women",,"https://www.instagram.com/graineworld/?hl=en","https://www.ensembleindia.com/pub/media/resized/product/644_964_new_placeholder.jpg","https://www.ensembleindia.com/pub/media/resized/product/644_964_new_placeholder.jpg","https://www.ensembleindia.com/pub/media/resized/product/644_964_new_placeholder.jpg","https://www.ensembleindia.com/pub/media/resized/product/644_964_new_placeholder.jpg","https://www.ensembleindia.com/pub/media/resized/product/644_964_new_placeholder.jpg","https://www.ensembleindia.com/pub/media/resized/product/644_964_new_placeholder.jpg","https://www.ensembleindia.com/pub/media/resized/product/644_964_new_placeholder.jpg","https://www.ensembleindia.com/pub/media/resized/product/644_964_new_placeholder.jpg","https://www.ensembleindia.com/pub/media/resized/product/644_964_new_placeholder.jpg","https://www.ensembleindia.com/pub/media/resized/product/644_964_new_placeholder.jpg","https://www.ensembleindia.com/pub/media/resized/product/644_964_new_placeholder.jpg","https://www.ensembleindia.com/pub/media/resized/product/644_964_new_placeholder.jpg",
"https://www.ensembleindia.com/designers/indigene.html","Indigene","7000-32500","Women","https://indigenecraft.com/","https://www.instagram.com/indigene.craft/?hl=en","https://www.ensembleindia.com/pub/media/resized/product/644_964_new_placeholder.jpg","https://www.ensembleindia.com/pub/media/resized/product/644_964_new_placeholder.jpg","https://www.ensembleindia.com/pub/media/resized/product/644_964_new_placeholder.jpg","https://www.ensembleindia.com/pub/media/resized/product/644_964_new_placeholder.jpg","https://www.ensembleindia.com/pub/media/resized/product/644_964_new_placeholder.jpg","https://www.ensembleindia.com/pub/media/resized/product/644_964_new_placeholder.jpg","https://www.ensembleindia.com/pub/media/resized/product/644_964_new_placeholder.jpg","https://www.ensembleindia.com/pub/media/resized/product/644_964_new_placeholder.jpg","https://www.ensembleindia.com/pub/media/resized/product/644_964_new_placeholder.jpg","https://www.ensembleindia.com/pub/media/resized/product/644_964_new_placeholder.jpg","https://www.ensembleindia.com/pub/media/resized/product/644_964_new_placeholder.jpg","https://www.ensembleindia.com/pub/media/resized/product/644_964_new_placeholder.jpg",
"https://www.ensembleindia.com/designers/inaayat.html","Inaayat ","13900-44949","Women","https://inaayatjewels.com/","https://www.instagram.com/inaayatjewels/","https://www.ensembleindia.com/pub/media/resized/product/644_964_new_placeholder.jpg","https://www.ensembleindia.com/pub/media/resized/product/644_964_new_placeholder.jpg","https://www.ensembleindia.com/pub/media/resized/product/644_964_new_placeholder.jpg","https://www.ensembleindia.com/pub/media/resized/product/644_964_new_placeholder.jpg","https://www.ensembleindia.com/pub/media/resized/product/644_964_new_placeholder.jpg","https://www.ensembleindia.com/pub/media/resized/product/644_964_new_placeholder.jpg","https://www.ensembleindia.com/pub/media/resized/product/644_964_new_placeholder.jpg","https://www.ensembleindia.com/pub/media/resized/product/644_964_new_placeholder.jpg","https://www.ensembleindia.com/pub/media/resized/product/644_964_new_placeholder.jpg","https://www.ensembleindia.com/pub/media/resized/product/644_964_new_placeholder.jpg","https://www.ensembleindia.com/pub/media/resized/product/644_964_new_placeholder.jpg","https://www.ensembleindia.com/pub/media/resized/product/644_964_new_placeholder.jpg",
"https://www.ensembleindia.com/designers/inochhi.html","Inochhi ","3500-7900","Women","https://inochhi.com/","http://instagram.com/shopify","https://www.ensembleindia.com/pub/media/resized/product/644_964_new_placeholder.jpg","https://www.ensembleindia.com/pub/media/resized/product/644_964_new_placeholder.jpg","https://www.ensembleindia.com/pub/media/resized/product/644_964_new_placeholder.jpg","https://www.ensembleindia.com/pub/media/resized/product/644_964_new_placeholder.jpg","https://www.ensembleindia.com/pub/media/resized/product/644_964_new_placeholder.jpg","https://www.ensembleindia.com/pub/media/resized/product/644_964_new_placeholder.jpg","https://www.ensembleindia.com/pub/media/resized/product/644_964_new_placeholder.jpg","https://www.ensembleindia.com/pub/media/resized/product/644_964_new_placeholder.jpg","https://www.ensembleindia.com/pub/media/resized/product/644_964_new_placeholder.jpg","https://www.ensembleindia.com/pub/media/resized/product/644_964_new_placeholder.jpg","https://www.ensembleindia.com/pub/media/resized/product/644_964_new_placeholder.jpg","https://www.ensembleindia.com/pub/media/resized/product/644_964_new_placeholder.jpg",
"https://www.ensembleindia.com/designers/jena.html","JENA","4000-11000","Women",,,"https://www.ensembleindia.com/pub/media/resized/product/644_964_455575-1_1.jpeg","https://www.ensembleindia.com/pub/media/resized/product/644_964_new_placeholder.jpg","https://www.ensembleindia.com/pub/media/resized/product/644_964_15042023ja01-1.jpg","https://www.ensembleindia.com/pub/media/resized/product/644_964_1711jen2-1.jpg","https://www.ensembleindia.com/pub/media/resized/product/644_964_new_placeholder.jpg","https://www.ensembleindia.com/pub/media/resized/product/644_964_new_placeholder.jpg","https://www.ensembleindia.com/pub/media/resized/product/644_964_new_placeholder.jpg","https://www.ensembleindia.com/pub/media/resized/product/644_964_new_placeholder.jpg","https://www.ensembleindia.com/pub/media/resized/product/644_964_new_placeholder.jpg","https://www.ensembleindia.com/pub/media/resized/product/644_964_new_placeholder.jpg","https://www.ensembleindia.com/pub/media/resized/product/644_964_new_placeholder.jpg","https://www.ensembleindia.com/pub/media/resized/product/644_964_new_placeholder.jpg",
"https://www.ensembleindia.com/designers/kanika-goyal-label.html","Kanika Goyal Label","6000-82500","Women","https://www.kglabel.com/","https://www.instagram.com/kanikagoyallabel/","https://www.ensembleindia.com/pub/media/resized/product/644_964_new_placeholder.jpg","https://www.ensembleindia.com/pub/media/resized/product/644_964_new_placeholder.jpg","https://www.ensembleindia.com/pub/media/resized/product/644_964_new_placeholder.jpg","https://www.ensembleindia.com/pub/media/resized/product/644_964_new_placeholder.jpg","https://www.ensembleindia.com/pub/media/resized/product/644_964_new_placeholder.jpg","https://www.ensembleindia.com/pub/media/resized/product/644_964_new_placeholder.jpg","https://www.ensembleindia.com/pub/media/resized/product/644_964_new_placeholder.jpg","https://www.ensembleindia.com/pub/media/resized/product/644_964_new_placeholder.jpg","https://www.ensembleindia.com/pub/media/resized/product/644_964_new_placeholder.jpg","https://www.ensembleindia.com/pub/media/resized/product/644_964_new_placeholder.jpg","https://www.ensembleindia.com/pub/media/resized/product/644_964_new_placeholder.jpg","https://www.ensembleindia.com/pub/media/resized/product/644_964_new_placeholder.jpg",
"https://www.ensembleindia.com/designers/little-things.html","Little Things","8500-28000","Women","https://www.littlethingstudio.com/","https://instagram.com/littlethingstudio?igshid=NzNkNDdiOGI=","https://www.ensembleindia.com/pub/media/Fermion/Designer/image/Little_Things_3Dec2022.jpg","https://www.ensembleindia.com/pub/media/resized/product/644_964_209lt44-1.jpg","https://www.ensembleindia.com/pub/media/resized/product/644_964_new_placeholder.jpg","https://www.ensembleindia.com/pub/media/resized/product/644_964_new_placeholder.jpg","https://www.ensembleindia.com/pub/media/resized/product/644_964_new_placeholder.jpg","https://www.ensembleindia.com/pub/media/resized/product/644_964_new_placeholder.jpg","https://www.ensembleindia.com/pub/media/resized/product/644_964_new_placeholder.jpg","https://www.ensembleindia.com/pub/media/resized/product/644_964_new_placeholder.jpg","https://www.ensembleindia.com/pub/media/resized/product/644_964_new_placeholder.jpg","https://www.ensembleindia.com/pub/media/resized/product/644_964_new_placeholder.jpg","https://www.ensembleindia.com/pub/media/resized/product/644_964_new_placeholder.jpg","https://www.ensembleindia.com/pub/media/resized/product/644_964_new_placeholder.jpg","https://www.ensembleindia.com/pub/media/resized/product/644_964_new_placeholder.jpg"
"https://www.ensembleindia.com/designers/medium.html","Medium ","7500-75000","Women",,,"https://www.ensembleindia.com/pub/media/Fermion/Designer/image/MEDIUM_1Sep2021.jpg","https://www.ensembleindia.com/pub/media/resized/product/644_964_new_placeholder.jpg","https://www.ensembleindia.com/pub/media/resized/product/644_964_new_placeholder.jpg","https://www.ensembleindia.com/pub/media/resized/product/644_964_new_placeholder.jpg","https://www.ensembleindia.com/pub/media/resized/product/644_964_new_placeholder.jpg","https://www.ensembleindia.com/pub/media/resized/product/644_964_new_placeholder.jpg","https://www.ensembleindia.com/pub/media/resized/product/644_964_new_placeholder.jpg","https://www.ensembleindia.com/pub/media/resized/product/644_964_new_placeholder.jpg","https://www.ensembleindia.com/pub/media/resized/product/644_964_new_placeholder.jpg","https://www.ensembleindia.com/pub/media/resized/product/644_964_new_placeholder.jpg","https://www.ensembleindia.com/pub/media/resized/product/644_964_new_placeholder.jpg","https://www.ensembleindia.com/pub/media/resized/product/644_964_new_placeholder.jpg","https://www.ensembleindia.com/pub/media/resized/product/644_964_new_placeholder.jpg"
"https://www.ensembleindia.com/designers/messiah-craft.html","Messiah Craft","2500-4500","Women",,"https://www.instagram.com/messiahcraft/","https://www.ensembleindia.com/pub/media/Fermion/Designer/image/Messiah_N.jpg","https://www.ensembleindia.com/pub/media/resized/product/644_964_new_placeholder.jpg","https://www.ensembleindia.com/pub/media/resized/product/644_964_new_placeholder.jpg","https://www.ensembleindia.com/pub/media/resized/product/644_964_new_placeholder.jpg","https://www.ensembleindia.com/pub/media/resized/product/644_964_new_placeholder.jpg","https://www.ensembleindia.com/pub/media/resized/product/644_964_new_placeholder.jpg","https://www.ensembleindia.com/pub/media/resized/product/644_964_new_placeholder.jpg","https://www.ensembleindia.com/pub/media/resized/product/644_964_new_placeholder.jpg","https://www.ensembleindia.com/pub/media/resized/product/644_964_new_placeholder.jpg","https://www.ensembleindia.com/pub/media/resized/product/644_964_new_placeholder.jpg","https://www.ensembleindia.com/pub/media/resized/product/644_964_new_placeholder.jpg","https://www.ensembleindia.com/pub/media/resized/product/644_964_new_placeholder.jpg","https://www.ensembleindia.com/pub/media/resized/product/644_964_new_placeholder.jpg"
"https://www.ensembleindia.com/designers/moonray.html","Moonray ","3990-26500","Women","https://moonray.in/","https://www.instagram.com/studiomoonray/","https://www.ensembleindia.com/pub/media/Fermion/Designer/image/MOONRAY_27June2022.jpg","https://www.ensembleindia.com/pub/media/resized/product/644_964_new_placeholder.jpg","https://www.ensembleindia.com/pub/media/resized/product/644_964_new_placeholder.jpg","https://www.ensembleindia.com/pub/media/resized/product/644_964_new_placeholder.jpg","https://www.ensembleindia.com/pub/media/resized/product/644_964_new_placeholder.jpg","https://www.ensembleindia.com/pub/media/resized/product/644_964_new_placeholder.jpg","https://www.ensembleindia.com/pub/media/resized/product/644_964_new_placeholder.jpg","https://www.ensembleindia.com/pub/media/resized/product/644_964_new_placeholder.jpg","https://www.ensembleindia.com/pub/media/resized/product/644_964_new_placeholder.jpg","https://www.ensembleindia.com/pub/media/resized/product/644_964_new_placeholder.jpg","https://www.ensembleindia.com/pub/media/resized/product/644_964_new_placeholder.jpg","https://www.ensembleindia.com/pub/media/resized/product/644_964_new_placeholder.jpg","https://www.ensembleindia.com/pub/media/resized/product/644_964_new_placeholder.jpg"
"https://www.ensembleindia.com/designers/nadiya-paar.html","Nadiya Paar","0-19000","Women","https://nadiyapaar.com/","https://www.instagram.com/nadiyapaar/","https://www.ensembleindia.com/pub/media/Fermion/Designer/image/Nadiy_Paar.jpg","https://www.ensembleindia.com/pub/media/resized/product/644_964_new_placeholder.jpg","https://www.ensembleindia.com/pub/media/resized/product/644_964_new_placeholder.jpg","https://www.ensembleindia.com/pub/media/resized/product/644_964_new_placeholder.jpg","https://www.ensembleindia.com/pub/media/resized/product/644_964_new_placeholder.jpg","https://www.ensembleindia.com/pub/media/resized/product/644_964_new_placeholder.jpg","https://www.ensembleindia.com/pub/media/resized/product/644_964_new_placeholder.jpg","https://www.ensembleindia.com/pub/media/resized/product/644_964_new_placeholder.jpg","https://www.ensembleindia.com/pub/media/resized/product/644_964_new_placeholder.jpg","https://www.ensembleindia.com/pub/media/resized/product/644_964_new_placeholder.jpg","https://www.ensembleindia.com/pub/media/resized/product/644_964_new_placeholder.jpg","https://www.ensembleindia.com/pub/media/resized/product/644_964_new_placeholder.jpg","https://www.ensembleindia.com/pub/media/resized/product/644_964_new_placeholder.jpg"
"https://www.ensembleindia.com/designers/naibah.html","Naibah","78000-349000","Women","https://www.facebook.com/naibah.in/","https://www.instagram.com/label_naibah/?hl=en","https://www.ensembleindia.com/pub/media/resized/product/644_964_new_placeholder.jpg","https://www.ensembleindia.com/pub/media/resized/product/644_964_new_placeholder.jpg","https://www.ensembleindia.com/pub/media/resized/product/644_964_new_placeholder.jpg","https://www.ensembleindia.com/pub/media/resized/product/644_964_new_placeholder.jpg","https://www.ensembleindia.com/pub/media/resized/product/644_964_new_placeholder.jpg","https://www.ensembleindia.com/pub/media/resized/product/644_964_new_placeholder.jpg","https://www.ensembleindia.com/pub/media/resized/product/644_964_new_placeholder.jpg","https://www.ensembleindia.com/pub/media/resized/product/644_964_new_placeholder.jpg","https://www.ensembleindia.com/pub/media/resized/product/644_964_new_placeholder.jpg","https://www.ensembleindia.com/pub/media/resized/product/644_964_new_placeholder.jpg","https://www.ensembleindia.com/pub/media/resized/product/644_964_new_placeholder.jpg","https://www.ensembleindia.com/pub/media/resized/product/644_964_new_placeholder.jpg",
"https://www.ensembleindia.com/designers/nergis-by-debyani.html","Nergis by Debyani","25050-40050","Women",,,"https://www.ensembleindia.com/pub/media/resized/product/644_964_new_placeholder.jpg","https://www.ensembleindia.com/pub/media/resized/product/644_964_new_placeholder.jpg","https://www.ensembleindia.com/pub/media/resized/product/644_964_new_placeholder.jpg","https://www.ensembleindia.com/pub/media/resized/product/644_964_new_placeholder.jpg","https://www.ensembleindia.com/pub/media/resized/product/644_964_new_placeholder.jpg","https://www.ensembleindia.com/pub/media/resized/product/644_964_new_placeholder.jpg","https://www.ensembleindia.com/pub/media/resized/product/644_964_new_placeholder.jpg","https://www.ensembleindia.com/pub/media/resized/product/644_964_new_placeholder.jpg","https://www.ensembleindia.com/pub/media/resized/product/644_964_new_placeholder.jpg","https://www.ensembleindia.com/pub/media/resized/product/644_964_new_placeholder.jpg","https://www.ensembleindia.com/pub/media/resized/product/644_964_new_placeholder.jpg","https://www.ensembleindia.com/pub/media/resized/product/644_964_new_placeholder.jpg",
"https://www.ensembleindia.com/designers/norn.html","NORN ","7500-16800","Women",,"https://www.instagram.com/norn.india/?hl=en","https://www.ensembleindia.com/pub/media/resized/product/644_964_new_placeholder.jpg","https://www.ensembleindia.com/pub/media/resized/product/644_964_new_placeholder.jpg","https://www.ensembleindia.com/pub/media/resized/product/644_964_new_placeholder.jpg","https://www.ensembleindia.com/pub/media/resized/product/644_964_new_placeholder.jpg","https://www.ensembleindia.com/pub/media/resized/product/644_964_new_placeholder.jpg","https://www.ensembleindia.com/pub/media/resized/product/644_964_new_placeholder.jpg","https://www.ensembleindia.com/pub/media/resized/product/644_964_new_placeholder.jpg","https://www.ensembleindia.com/pub/media/resized/product/644_964_new_placeholder.jpg","https://www.ensembleindia.com/pub/media/resized/product/644_964_new_placeholder.jpg","https://www.ensembleindia.com/pub/media/resized/product/644_964_new_placeholder.jpg","https://www.ensembleindia.com/pub/media/resized/product/644_964_new_placeholder.jpg","https://www.ensembleindia.com/pub/media/resized/product/644_964_new_placeholder.jpg",
"https://www.ensembleindia.com/designers/notebook.html","Notebook ","6500-19000","Women","https://thenotebookofficial.com/","https://www.instagram.com/notebook.official/?hl=en","https://www.cdnensemble.xyz/pub/media/catalog/product/9/1/91123ak7-1.jpg","https://www.cdnensemble.xyz/pub/media/catalog/product/9/1/91123ak6-1.jpg","https://www.cdnensemble.xyz/pub/media/catalog/product/9/1/91123ak5-1.jpg",,,,,,,,,,
"https://www.ensembleindia.com/designers/nouria.html","NOURIA ","6500-26500","Women","https://nouria.co.in/","https://instagram.com/nouria_by_diptiadvait?igshid=MzRlODBiNWFlZA==","https://www.ensembleindia.com/pub/media/resized/product/644_964_new_placeholder.jpg","https://www.ensembleindia.com/pub/media/resized/product/644_964_new_placeholder.jpg","https://www.ensembleindia.com/pub/media/resized/product/644_964_new_placeholder.jpg","https://www.ensembleindia.com/pub/media/resized/product/644_964_new_placeholder.jpg","https://www.ensembleindia.com/pub/media/resized/product/644_964_new_placeholder.jpg","https://www.ensembleindia.com/pub/media/resized/product/644_964_new_placeholder.jpg","https://www.ensembleindia.com/pub/media/resized/product/644_964_new_placeholder.jpg","https://www.ensembleindia.com/pub/media/resized/product/644_964_new_placeholder.jpg","https://www.ensembleindia.com/pub/media/resized/product/644_964_new_placeholder.jpg","https://www.ensembleindia.com/pub/media/resized/product/644_964_new_placeholder.jpg","https://www.ensembleindia.com/pub/media/resized/product/644_964_new_placeholder.jpg","https://www.ensembleindia.com/pub/media/resized/product/644_964_new_placeholder.jpg",
"https://www.ensembleindia.com/designers/nomada.html","Nomada ","6200-12000","Women","https://nomada.in/","https://www.instagram.com/nomada_accessories/","https://www.ensembleindia.com/pub/media/Fermion/Designer/image/NOMADA.jpg","https://www.ensembleindia.com/pub/media/resized/product/644_964_new_placeholder.jpg","https://www.ensembleindia.com/pub/media/resized/product/644_964_new_placeholder.jpg","https://www.ensembleindia.com/pub/media/resized/product/644_964_new_placeholder.jpg","https://www.ensembleindia.com/pub/media/resized/product/644_964_new_placeholder.jpg","https://www.ensembleindia.com/pub/media/resized/product/644_964_new_placeholder.jpg","https://www.ensembleindia.com/pub/media/resized/product/644_964_new_placeholder.jpg","https://www.ensembleindia.com/pub/media/resized/product/644_964_new_placeholder.jpg","https://www.ensembleindia.com/pub/media/resized/product/644_964_new_placeholder.jpg","https://www.ensembleindia.com/pub/media/resized/product/644_964_new_placeholder.jpg","https://www.ensembleindia.com/pub/media/resized/product/644_964_new_placeholder.jpg","https://www.ensembleindia.com/pub/media/resized/product/644_964_new_placeholder.jpg","https://www.ensembleindia.com/pub/media/resized/product/644_964_new_placeholder.jpg"
"https://www.ensembleindia.com/designers/november-noon.html","November Noon","3500-40000","Women","https://novembernoon.com/","https://www.instagram.com/november_noon/","https://www.ensembleindia.com/pub/media/resized/product/644_964_new_placeholder.jpg","https://www.ensembleindia.com/pub/media/resized/product/644_964_new_placeholder.jpg","https://www.ensembleindia.com/pub/media/resized/product/644_964_new_placeholder.jpg","https://www.ensembleindia.com/pub/media/resized/product/644_964_new_placeholder.jpg","https://www.ensembleindia.com/pub/media/resized/product/644_964_new_placeholder.jpg","https://www.ensembleindia.com/pub/media/resized/product/644_964_new_placeholder.jpg","https://www.ensembleindia.com/pub/media/resized/product/644_964_new_placeholder.jpg","https://www.ensembleindia.com/pub/media/resized/product/644_964_new_placeholder.jpg","https://www.ensembleindia.com/pub/media/resized/product/644_964_new_placeholder.jpg","https://www.ensembleindia.com/pub/media/resized/product/644_964_new_placeholder.jpg","https://www.ensembleindia.com/pub/media/resized/product/644_964_new_placeholder.jpg","https://www.ensembleindia.com/pub/media/resized/product/644_964_new_placeholder.jpg",
"https://www.ensembleindia.com/designers/ohfab.html","OhFab","7500-115000","Women","https://www.ohfab.in/","https://instagram.com/ohfab.in","https://www.ensembleindia.com/pub/media/resized/product/644_964_new_placeholder.jpg","https://www.ensembleindia.com/pub/media/resized/product/644_964_new_placeholder.jpg","https://www.ensembleindia.com/pub/media/resized/product/644_964_new_placeholder.jpg","https://www.ensembleindia.com/pub/media/resized/product/644_964_new_placeholder.jpg","https://www.ensembleindia.com/pub/media/resized/product/644_964_new_placeholder.jpg","https://www.ensembleindia.com/pub/media/resized/product/644_964_new_placeholder.jpg","https://www.ensembleindia.com/pub/media/resized/product/644_964_new_placeholder.jpg","https://www.ensembleindia.com/pub/media/resized/product/644_964_new_placeholder.jpg","https://www.ensembleindia.com/pub/media/resized/product/644_964_new_placeholder.jpg","https://www.ensembleindia.com/pub/media/resized/product/644_964_new_placeholder.jpg","https://www.ensembleindia.com/pub/media/resized/product/644_964_new_placeholder.jpg","https://www.ensembleindia.com/pub/media/resized/product/644_964_new_placeholder.jpg",
"https://www.ensembleindia.com/designers/payal-jain.html","Payal Jain ","6200-22500","Women","https://www.payaljain.com/","https://www.instagram.com/payaljaindesign/","https://www.ensembleindia.com/pub/media/Fermion/Designer/image/Payal Jain.jpg","https://www.ensembleindia.com/pub/media/resized/product/644_964_new_placeholder.jpg","https://www.ensembleindia.com/pub/media/resized/product/644_964_new_placeholder.jpg","https://www.ensembleindia.com/pub/media/resized/product/644_964_new_placeholder.jpg","https://www.ensembleindia.com/pub/media/resized/product/644_964_new_placeholder.jpg","https://www.ensembleindia.com/pub/media/resized/product/644_964_new_placeholder.jpg","https://www.ensembleindia.com/pub/media/resized/product/644_964_new_placeholder.jpg","https://www.ensembleindia.com/pub/media/resized/product/644_964_new_placeholder.jpg","https://www.ensembleindia.com/pub/media/resized/product/644_964_new_placeholder.jpg","https://www.ensembleindia.com/pub/media/resized/product/644_964_new_placeholder.jpg","https://www.ensembleindia.com/pub/media/resized/product/644_964_new_placeholder.jpg","https://www.ensembleindia.com/pub/media/resized/product/644_964_new_placeholder.jpg","https://www.ensembleindia.com/pub/media/resized/product/644_964_new_placeholder.jpg"
"https://www.ensembleindia.com/designers/rohit-gandhi-rahul-khanna-men.html","Rohit Gandhi + Rahul Khanna Men","7250-325000","Men","https://www.rohitandrahul.com/","https://www.instagram.com/rohitgandhirahulkhanna/","https://www.ensembleindia.com/pub/media/Fermion/Designer/image/RG+RK.jpg","https://www.ensembleindia.com/pub/media/resized/product/644_964_new_placeholder.jpg","https://www.ensembleindia.com/pub/media/resized/product/644_964_new_placeholder.jpg","https://www.ensembleindia.com/pub/media/resized/product/644_964_new_placeholder.jpg","https://www.ensembleindia.com/pub/media/resized/product/644_964_new_placeholder.jpg","https://www.ensembleindia.com/pub/media/resized/product/644_964_new_placeholder.jpg","https://www.ensembleindia.com/pub/media/resized/product/644_964_new_placeholder.jpg","https://www.ensembleindia.com/pub/media/resized/product/644_964_new_placeholder.jpg","https://www.ensembleindia.com/pub/media/resized/product/644_964_new_placeholder.jpg","https://www.ensembleindia.com/pub/media/resized/product/644_964_new_placeholder.jpg","https://www.ensembleindia.com/pub/media/resized/product/644_964_new_placeholder.jpg","https://www.ensembleindia.com/pub/media/resized/product/644_964_new_placeholder.jpg","https://www.ensembleindia.com/pub/media/resized/product/644_964_new_placeholder.jpg"
"https://www.ensembleindia.com/designers/urbania.html","Urbania","6200-21850","Women","https://urbania.in/","https://www.instagram.com/urbaniajaipur/?hl=en","https://www.ensembleindia.com/pub/media/resized/product/644_964_new_placeholder.jpg","https://www.ensembleindia.com/pub/media/resized/product/644_964_new_placeholder.jpg","https://www.ensembleindia.com/pub/media/resized/product/644_964_new_placeholder.jpg","https://www.ensembleindia.com/pub/media/resized/product/644_964_new_placeholder.jpg","https://www.ensembleindia.com/pub/media/resized/product/644_964_new_placeholder.jpg","https://www.ensembleindia.com/pub/media/resized/product/644_964_new_placeholder.jpg","https://www.ensembleindia.com/pub/media/resized/product/644_964_new_placeholder.jpg","https://www.ensembleindia.com/pub/media/resized/product/644_964_new_placeholder.jpg","https://www.ensembleindia.com/pub/media/resized/product/644_964_new_placeholder.jpg","https://www.ensembleindia.com/pub/media/resized/product/644_964_new_placeholder.jpg","https://www.ensembleindia.com/pub/media/resized/product/644_964_new_placeholder.jpg","https://www.ensembleindia.com/pub/media/resized/product/644_964_new_placeholder.jpg",
"https://www.ensembleindia.com/designers/zayn-by-sunena.html","Zayn By Sunena","11350-34550","Women",,"https://www.instagram.com/zaynbysunena/?hl=en","https://www.ensembleindia.com/pub/media/resized/product/644_964_new_placeholder.jpg","https://www.ensembleindia.com/pub/media/resized/product/644_964_new_placeholder.jpg","https://www.ensembleindia.com/pub/media/resized/product/644_964_new_placeholder.jpg","https://www.ensembleindia.com/pub/media/resized/product/644_964_new_placeholder.jpg","https://www.ensembleindia.com/pub/media/resized/product/644_964_new_placeholder.jpg","https://www.ensembleindia.com/pub/media/resized/product/644_964_new_placeholder.jpg","https://www.ensembleindia.com/pub/media/resized/product/644_964_new_placeholder.jpg","https://www.ensembleindia.com/pub/media/resized/product/644_964_new_placeholder.jpg","https://www.ensembleindia.com/pub/media/resized/product/644_964_new_placeholder.jpg","https://www.ensembleindia.com/pub/media/resized/product/644_964_new_placeholder.jpg","https://www.ensembleindia.com/pub/media/resized/product/644_964_new_placeholder.jpg","https://www.ensembleindia.com/pub/media/resized/product/644_964_new_placeholder.jpg",